Brawler,1stGadget,1stGadgetDescrip,2ndGadget,2ndGadgetDescrip,1stStarPower,1stStarPowerDescrip,2ndStarPower,2ndStarPowerDescrip,Hypercharge,Hyperchargedescription,,,,,,,
SHELLY,Fast Forward,"Shelly dashes ahead, skipping a few unnecessary steps!",Clay Pigeons,"On activation, for the next 5 seconds Shelly's main attacks focuses the fire to a smaller area with an increased range.",Shell Shock,Shelly's Super shells slow down enemies for 2 seconds!,Band-Aid,"When Shelly falls below 40% health, she instantly heals for 2220 health. Band-Aid recharges in 15 seconds.",DoubleBarrel,Super Shell is 33% larger.,,,,,,,
COLT,Speedloader,Colt instantly reloads 2 ammo,Silver Bullet,"Colt's next attack is a powerful shot that deals as much damage as 2 of his regular bullets, while going through obstacles and opponents alike",Slick Boots,Colt's movement speed is increased by 13%,Magnum Special,Colt's attack range and bullet speed are increased by 11%.,Dual Weilding,Bullet Storm is 120% wider,,,,,,,
BULL,T-Bone Injector,"When Bull's Gadget is used, he instantly heals 2000 health",Stomper,Bull can interrupt his Super charge and slow all nearby opponents with a massive stomp for 1.5 seconds.,Beserker,"When Bull falls below 60% health, his reload speed doubles!",Tough Guy,"When Bull falls below 40% health, he gains a shield that reduces all damage he takes by 30%.",Jaws of Steel,Bulldozer reduces damage taken by 80%.,,,,,,,
BROCK,Rocket Laces,Brock blasts the ground below him and propels himself into the air. The explosion deals 580 damage to nearby enemies,Rocket Fuel,"Brock's next attack is a mega rocket that is bigger, badder, faster and destroys walls.",More Rockets,Rocket Rain now rains down 44% more rockets.,Rocket No.4,"Brock loads a fourth rocket into his launcher, increasing his ammo capacity (and discarding the thermos bottle he's been keeping in his launcher's #4 tube).",Rocket Barrage,"Brock fires a Rocket Barrage, raining down rockets in the targeted area simultaneously in 4 waves.",,,,,,,
RICO,MultiBall Launcher,Rico blasts waves of bouncy bullets in all directions.,Bouncy Castle,Rico's next attack will heal him for 256 health from each projectile bounce.,Extra Bouncy,"Rico's bullets, from attack and Super alike, get supercharged by their first bounce and deal +256 damage!",Robo-Retreat,"When Rico falls below 40% health, he runs 34% faster",Trick Shot King,Rico's Super's projectiles bounce even further!,,,,,,,
SPIKE,Popping Pincushion,"Spike shoots 3 waves of needles in all directions, dealing 1080 damage per hit.",Life Plant,"Spike grows a large cactus with 2800 health to give cover to friendlies. If destroyed, the cactus bursts, and all nearby friendlies recover 1680 health.",Fertilize,"After using Super, Spike regenerates 1400 health per second by staying in its area of effect",Curveball,"Spikes from the cactus grenade fly in a curving motion, making it easier to hit targets.",Blooming Season,Stick Around has 20% larger area.,,,,,,,
BARLEY,Sticky Syrup Mixer,"Barley drops a sticky concoction that leaves a puddle, slowing down all enemies that makes contact with it",Herbal Tonic,Barley throws a healing potion at nearby allies that creates an area that heals for 720 health per second.,Medical Use,Barley regains 480 health from each attack,Extra Noxious,Adds +200 damage per second to Barley's attack.,Bottled-Up Rage,Barley hurls 3 big brews that also destroy all bushes on impact.,,,,,,,
JESSIE,Spark Plug,"Jessie triggers a shockwave from her turret, slowing down all enemies within its area of effect.",Recoil Spring,Scrappy's attack speed is doubled for 5.0 seconds,Energize,Jessie can repair her gun turret for 1060 of its missing health by zapping it with her attack.,Shocky,Scrappy the Turret now shoots energy orbs that bounce between enemies. The orbs' range after a bounce is 51% of normal range.,Scrappy 2.0,Jessie's turret has 50% more health and deals 20% more damage.,,,,,,,
NITA,Bear Paws,"Nita commands her bear to slam the ground, stunning all enemies within its reach.",Faux Fur,"For the next 3 seconds, Nita's bear gets a 35% shield against damage.",Bear with Me,"Nita recovers 1040 health whenever her bear hits an enemy brawler. When Nita deals damage to an enemy brawler, her bear regains 1040 health",Hyper Bear,Nita's bear attacks faster. Time between swipes is reduced by 60%.,Hyperbearing,"Nita hypercharges Bruce, making him increase in size, giving him 15% increased movement speed and 20% increased health.",,,,,,,
DYNAMIKE,Fidget Spinner,Dynamike spins furiously with increased movement speed and throws multiple sticks of dynamite around himself. Each dynamite deals 2400 damage to enemies.,Satchel Charge,"Once activated, the next main attack also stuns enemies for 1.5 seconds.",Dyna-Jump,Dynamike can ride the blast wave of his explosives to jump over obstacles!,Demolition,Adds +1600 damage to Mike's Super.,Boomer,Super bomb spawns smaller bombs.,,,,,,,
EL PRIMO,Suplex Suplement,El Primo grabs the closest enemy within his reach and flips them like a pancake over his broad shoulders.,Asteroid Belt,El Primo summons a small meteor to strike the nearest enemy. It deals 3040 damage and destroys walls,El Fuego,Enemies caught in El Primo's Super will burn for 1800 damage over 4 seconds,Meteor Rush,El Primo gains a 25% speed boost for 4.0 seconds after using his Super.,Gravity Leap,El Primo drops an Intergalactic Elbow that brings enemies to the Epicenter.,,,,,,,
MORTIS,Combo Spinner,"Mortis spins his shovel, hitting all enemies around himself for 2000 damage.",Survival Shovel,Mortis reloads faster for 4.0 seconds.,Creepy Harvest,"Mortis reaps the life essence of a Brawler he defeats, restoring 20% of his max health.",Coiled Snake,Mortis gains his longer dash 2 seconds faster.,Blood Boomerang,"Life Blood now also returns to Mortis, allowing for double damage and healing.",,,,,,,
CROW,Defense Booster,Crow gets a shield for 40% of incoming damage for 3.0 seconds.,Slowing Toxin,All currently poisoned enemies are slowed for 2 seconds.,Extra Toxic,"Crow's poison saps the strength of enemies, who deal 15% less damage while poisoned.",Carrion Crow,Crow deals +40% damage with his attack and Super to targets with 50% or less health.,Utility Knives,Crow's knives are piercing and are returning like a boomerang.,,,,,,,
POCO,Tuning Fork,Poco and all nearby allies heal 740 health per second for 5 seconds.,Protective Tunes,Removes active adverse effects from friendly brawlers in a large area and gives a 4.0 second immunity.,Da Capo!,When Poco's attack hits friendly Brawlers they now heal for 962 health.,Screeching Solo,"Poco's Super now also hits enemies, dealing 1520 damage.",Medic's Melody,"Encore now overheals, adding a decaying shield for the amount overhealed. Shield lasts for 5 seconds.",,,,,,,
BO,Super Totem,Bo places a totem that increases allies' Super charging rate by 50%. The totem slowly loses its health over time.,Tripwire,Bo triggers all of his mines after 1.5 seconds. During the delay the mines are completely undetectable to opponents.,Circling Eagle,Bo spots enemies hidden in bushes from 150% longer distance than normally.,Snare a Bear,"Instead of a knockback, Bo's traps now stun the enemy for 2.0 seconds!",Boppin,Piper drops even more bombs as she departs at an increased speed! She also destroys terrain when she lands,,,,,,,
PIPER,Auto Aimer,"Piper pops a defensive shot at the closest enemy, dealing 170 damage, while also pushing them back.",Homemade Recipe,"On activation, Piper's next main attack will home in on enemies.",Ambush,Piper's attack deals +1190 extra damage (at max range) when she's hidden in a bush.,Snappy Sniping,"When Piper hits an enemy with her attack, she reloads 0.4 ammo instantly.",Catch a Bear,"Bo's Super deploys 5 mines instead of 3. These do not override any mines already placed by his Super, so it is possible to have more than 7 mines on the map",,,,,,,
PAM,Pulse Modulator,"Pam triggers her turret to emit a pulse that heals allies inside the turret's range, including herself, for 1920 health.",Scrapsucker,Each hit from Pam's next attack removes 25% of opposing Brawler's maximum ammo. Pam reclaims 50% of the ammo for herself.,Mama's Hug,"Whenever Pam hits enemies with Scrapstorm, she heals herself and nearby friendly Brawlers for 96 health.",Mama's Squeeze,Healing turret now also damages enemies for 960 damage per second.,N/A,N/A,,,,,,,
TARA,Psychic Enhancer,"Tara and her allies are able to see all enemies, even inside bushes, for 4.0 seconds",Support from Beyond,Tara surrounds herself with three weak shadows that attack enemies and disappear after 6 seconds.,Black Portal,Tara's Super cracks open a dimensional portal! A shadowy version of Tara appears and attacks her enemies.,Healing Shade,Tara's Super cracks open a dimensional portal! A shadowy version of Tara appears to heal Tara and her teammates.,SuperMassive,Gravity has 20% larger area.,,,,,,,
DARRYL,Recoiling Rotator,Darryl spins around and sprays a barrage of shots in all directions. Each shot deals 600 damage and recharges his Super by 25% if it hits enemies!,Tar Barrel,Darryl creates a slowing area around himself for 5.0 seconds.,Steel Hoops,After Barrel Roll all damage Darryl takes is reduced by 25% for 2 seconds.,Rolling Reload,"When Darryl uses his Super, he doubles his reload speed for 5.0 seconds.",Barrell-o-Bullets,Shoots his shotguns around himself during a Barrel Roll. Each shot does 600 damage each.,,,,,,,
PENNY,Salty Barrel,Penny drops a barrel of salt that blocks enemy projectiles. She can also use it to burst her own gold pouches,Trusty Spyglass,Penny's cannon blasts at every visible enemy position within range.,Heavy Coffers,Penny's gold pouches burst with a 100% wider cone after each hit,Master Blaster,Penny's cannon deals 1372 damage and knocks back nearby enemies on landing.,New Lobber,Penny deploys a bigger cannon that shoots 2 cannonballs at a time instead of 1.,,,,,,,
FRANK,Active Noise Canceling,"Frank clears any disabling effect on himself, and momentarily becomes immune to stuns, slows and knockbacks",Irresistible Attraction,Frank's next attack deals an extra 50% damage and pulls opponents towards him.,Power Grab,"Frank steals the power of a Brawler he defeats, increasing his damage by 25% for 12 seconds!",Sponge,Frank gains +1340 health.,SeismicSmash,Frank's Super now hits an entire circle around him!,,,,,,,
GENE,Lamp Blowout,"All enemies close to Gene are instantly pushed back. If at least one enemy Brawler is within range, Gene will also restore 10% of his max health.",Vengeful Spirits,"Gene shoots a homing missile at all visible enemies within a large area, dealing up to 1600 damage based on distance.",Magic Puffs,Gene heals all friendly Brawlers around him for 576 health per second.,Spirit Slap,"Gene's Magic Hand also damages enemies, dealing 2000 damage on hit.",Hyper Hands,"Gene's Super splits into 3 different hands, each being able to grab one enemy. First goes straight, and the other 2 go diagonally.",,,,,,,
TICK,Mine Mania,Tick's next attack fires 6 mines.,Last Hurrah,"Tick gains a 50% shield for 1.0 seconds. After that, it bursts out for 1280 damage.",Well Oiled,"When Tick takes no damage and doesn't attack, he starts recovering health 2.0 seconds faster than normal.",Automa-Tick Reload,Tick's reload time is 9% shorter.,HeadStrong,"Tick quickly deploys his head, charging enemies faster and leaving behind 6 of his minimines on explosion.",,,,,,,
LEON,Clone Projector,Leon creates an illusion of himself to confuse his enemies.,Lollipop Drop,Leon creates a stealthy area for his team to hide in. The lollipop slowly loses its health over time.,Smoke Trails,"When Leon uses his Super, he gains a 30% boost to his movement speed for the duration of his invisibility",Invisiheal,Leon recovers 1360 health per second while his Super is active,Limbo,Leon stays invisible while attacking his enemies.,,,,,,,
ROSA,Grow Light,Rosa fertilizes the ground around her and bushes instantly grow to provide great cover.,Unfriendly Bushes,All opponents hiding in bushes take 276 damage and get slowed down for 3 seconds,Plant Life,Rosa recovers 300 health per second when inside a bush.,Plant Life,Rosa's punches gain +276 damage during her Super.,Grasping Roots,Rosa slows down all nearby enemies while her Super is active,,,,,,,
CARL,Heat Ejector,"The next pickaxe Carl throws will drop a trail of hot rocks behind it! Opponents that touch them are set on fire, and receive 600 damage per second",Flying Hook,Carl's next attack makes his pickaxe pull him to the farthest point of the attack.,Power Throw,"Carl throws his Pickaxe with 10% more speed, allowing it to travel faster and return faster.",Protective Pirouette,"During Carl's Super, all damage he receives is reduced by 35%.",Flamespin,"Carl gains a flame trail while using his Super. The trail burns on contact, causing damage over time.",,,,,,,
BIBI,Vitamin Booster,Bibi heals 960 health per second for 4.0 seconds.,Extra Sticky,Bibi’s next Spitball slows down enemies on hit for 3 seconds!,Home Run,Bibi's movement speed is increased by 12% when her Home Run bar is fully charged.,Batting Stance,"When Bibi's Homerun bar is fully charged, she shields herself from all damage by 20%.",Out of Bounds,Bibi's bouncing ball splits when hitting an enemy,,,,,,,
8-BIT,Cheat Cartridge,8-Bit instantly teleports to his Damage Booster.,Extra Credits,8-Bit's next attack has the number of projectiles increased to 18.,Boosted Booster,Increases the Damage Booster's range by 50% and boosts damage by an additional 15%.,Plugged In,"When 8-Bit is near his Damage Booster, he will plug in and have increased movement speed.",Aimbot,8-Bit can have multiple turrets that also have more health!,,,,,,,
SANDY,Sleep Stimulator,Sandy falls asleep for 1.5 seconds and his health is fully restored.,Sweet Dreams,Sandy's next attack lulls opponents to sleep for 1 second. They will however wake up from any damage.,Rude Sands,Sandstorm now also damages enemies for 216 damage per second.,Healing Winds,Sandstorm now also heals friendly Brawlers for 380 health per second.,Swift Winds,Sandy grants himself and his allies 20% increased movement speed while inside of Sandstorm. His Super will also silence enemies for 0.5 seconds when it lands.,,,,,,,
BEA,Honey Molasses,Bea drops a beehive with a splash of sticky honey around it. The honey slows down enemies that step in it.,Rattled Hive,"Bea unleashes 4 angry bees that circle away from her, dealing more damage the further they go (up to 1200 damage).",Insta Beaload,Instantly Supercharge Bea's Big Sting one time if she misses a Supercharged shot,Honeycomb,Bea receives a 30% shield while Big Sting is Supercharged.,Protect The Queen,"Bea's Super projectiles split into 2 when at max distance (and on hit), increasing her Super's distance and spread even more.",,,,,,,
EMZ,Friendzoner,Emz pushes back all enemies around her while also dealing 676 damage.,Acid Spray,"Emz's next blast of hair spray can pass through walls, but deals 10% less damage.",Bad Karma,"Enemies that stay within the cloud of Emz's toxic hair spray suffer increasing damage, 25% per hit.",Hype,Emz recovers 576 health per second for each enemy Brawler inside her Super's area of effect.,Overhyped Haze,Emz pushes enemies to the outer edge of her Super on activation and follows up with a dose of her spray.,,,,,,,
MR. P,Service Bell,Mr. P buffs his current porter by increasing its damage by 228 and health by 1360,Porter Reinforcements,The next attack will spawn a weak porter where the attack lands.,Handle With Care,"Every 4 seconds, the explosion damage of Mr. P's next overstuffed suitcase is increased by 40%.",Revolving Door,All robo-porters from the home base now have 20% more health and 30% higher damage.,Super Porters! Assemble!,Mr. P's home base now spawns much stronger porters and he can have two active 'Super Porters' at the same time,,,,,,,
MAX,Phase Shifter,"Max dashes forward, and becomes immune to all damage from enemies while dashing.",Sneaky Sneakers,"Max blinks back to a place of her choosing after 3.0 seconds delay, recovering any damage she received in the meantime",Super Charged,Max now charges her Super while moving.,Run n' Gun,Max reloads faster while moving.,Unlimited Energy,"Max throws an energy drink to each team member, increasing their movement speed and granting them 25% Super charge.",,,,,,,
JACKY,Pneumatic Booster,Jacky gets a burst of energy and moves 25% faster for 4.0 seconds.,Rebuild,Jacky rebuilds the environment in a small radius around her.,Counter Crush,"When receiving damage, Jacky returns the favor by converting 30% of the damage into a Groundbreaker counterattack.",Hardy Hard Hat,Jacky's Hard Hat protects her by reducing any damage she takes by 20%,Seismic Event,Holey Moley slows down nearby enemies for 1.5 seconds.,,,,,,,
GALE,Spring Ejector,"Gale drops a bounce pad underfoot, launching friend and foe alike into the air.",Twister,"Gale uses his leaf blower to create a local tornado, which will push away any opponents that try to pass through",Blustery Blow,Gale's Super now stuns enemies for 1.25 seconds if they are pushed against obstacles.,Freezing Snow,Gale's snow balls now also slow down opponents for 0.5 seconds.,Blizzard,"Gale's Super is slightly wider and fires twice, pushing enemies even further away!",,,,,,,
NANI,Warpin' Time,Nani teleports to Peep's last known location and ends her Super.,Return to Sender,"For the next 2 seconds, the first time Nani takes damage from an enemy, 80% of the damage is returned to the enemy.",Autofocus,Peep deals up to 1850 extra damage based on his travel distance.,Tempered Steel,Nani takes 80% less damage while her Super is active.,Big Peep,Peep grows in size during travel.,,,,,,,
SPROUT,Garden Mulcher,Sprout consumes a bush to restore 1800 health.,Transplant,"Sprout destroys its current Hedge, but will instantly have its Super fully charged again.",Overgrowth,"Every 5 seconds, the next Seed Bomb will explode with a larger explosion radius.",Photosynthesis,"Sprout activates a shield, partially protecting itself from all attacks while inside a bush.",Thorns,Sprout's vine hedge now damages nearby enemies.,,,,,,,
SURGE,Power Surge,Surge overloads his circuits and increases his upgrade stage by 1 for 10 seconds,Power Shield,"Within the next 2 seconds, Surge consumes 50% of the damage of the next incoming hit and uses the energy to reload 2 ammo.",To the Max!,Surge's main attack now splits when hitting walls.,Serve Ice Cold,Surge keeps his STAGE 1 Super upgrade for the full match duration.,Stage 5,Surge's shots now ALWAYS split and have increased range!,,,,,,,
COLETTE,Na-Ah,Colette's next shot deals extra 1500 damage.,Gotcha!,"On activation, Colette's shots heal herself for 5 seconds for 80% of the damage dealt.",Push It,All enemy Brawlers hit by Colette's charge are carried to the farthest point of the attack!,Mass Tax,Colette's Super gives her a 20% shield for 5.0 seconds. Every enemy Brawler hit by it will add 10% more protection.,Teen Spirit,"Colette's spirit follows her during her dash, damaging enemies on the way.",,,,,,,
AMBER,Fire Starters,"Amber runs fast for 3.0 seconds while spilling her fire fluid, which she can then ignite.",Dancing Flames,"Amber creates 3 orbiting flames around her for 5 seconds, dealing 1890 damage on hit.",Wild Flames,Amber can have two fuel puddles on the ground simultaneously and she will recharge her Super automatically when standing near one.,Scorchin' Siphon,"While being near a puddle of fire fluid, Amber uses it to reload her firebreathing 50% faster.",N/A,N/A,,,,,,,
LOU,Ice Block,"Lou shields himself with ice, becoming invulnerable for 1.0 seconds.",Cryo Syrup,Instantly adds 50% freeze meter to opponents insides Lou's Super.,Supercool,Opponents standing on Lou's Super area get frozen 33% faster,Hypothermia,Opponents lose up to 50% of their damage based in how frozen they are from Lou's attacks.,Slushie Storm,Lou's Super instantly freezes enemies in the area.,,,,,,,
BYRON,Shot In The Arm,Byron uses one of his shots to heal himself 1200 per second for 3 seconds,Booster Shots,"Byron's next attack shoots 3 darts instead of one, each dealing 20% less damage and 40% less healing.",Malaise,Byron's Super will also cause opponents to receive 75% less healing from any source for 9 seconds.,Injection,Every 3.5 seconds the next basic attack will pierce through targets.,N/A,N/A,,,,,,,
EDGAR,Let's Fly,"Edgar's Super charges faster, 525% for 4 seconds.",Hardcore,Edgar gets a shield that protects him from the next 3300 damage. The shield gets weaker over time.,Hard Landing,Edgar's Super will also deal 1350 damage to nearby enemies upon landing.,Fisticuffs,Edgar receives 25% more healing from the damage he deals.,OutBurst,After using Super gain charging speed and reload speed for few seconds.,,,,,,,
RUFFS,Take Cover,Ruffs throws down 3 sandbags as cover. Each one has 35% of Ruff's max health,Air Support,"Ruffs calls a barrage around the nearest opponent, dealing 1200 damage with each hit.",Air Superiority,Supply Drop now includes a bomb that adds 120% more damage to the drop and also allows it to destroy walls.,Field Promotion,Friendly Brawlers have their maximum health increased by 30 every second they are in range of this ability while it's active.,Goodest Boy,Ruffs' Super deals 25% more damage and his power-up fully charges a Hypercharge.,,,,,,,
STU,Speed Zone,"Stu drops a booster that makes himself, his teammates, and other allies move faster while inside of it's area of effect",Breakthrough,"Stu's next Super can bash through obstacles, making debris fly forward. Each piece of debris deals 216 damage to any opponent it hits.",Zero Drag,Stu's Nitro Boost Super dash distance increases by 71%,Gaso-Heal,Using his Nitro Boost Super restores 512 of Stu's health.,Infinitro,Stu's Super can be used continuously while Hypercharged.,,,,,,,
BELLE,Nest Egg,"Belle places a trap on the ground that will explode when triggered by an opponent. The trap deals 624 damage, and slows down anyone within its blast radius for 3 seconds.",Reverse Polarity,Belle's next Electro-Bolt bounces from walls,Positive Feedback,Belle gains a 20% shield whenever her Electro-Bolts hit a target.,Grounded,Getting marked by Belle's Super prevents the target from reloading for 5 seconds.,Magnetic,Belle's Super now homes on the nearest target,,,,,,,
SQUEAK,Windup,Squeak's next Sticky Blomb deals 50% more damage and has 100% longer range.,Residue,"Squeak's next Sticky Blomb leaves a residue area behind after exploding, slowing down enemies and giving allies sight into bushes for 6 seconds.",Chain Reaction,Each opponent within the area of a Sticky Blomb's explosion increases the Blomb's damage by 15%.,Super Sticky,Secondary Sticky Blombs from Squeak's Super also slow down opponents for 4 seconds.,Bouncy Blob,The Sticky Blombs from Squeak's Super now bounce and split one more time.,,,,,,,
GROM,Watchtower,Belle gains a 20% shield whenever her Electro-Bolts hit a target.,Radio Check,Getting marked by Belle's Super prevents the target from reloading for 5 seconds.,Foot Patrol,"When Grom's Super is fully charged, he gains +15% faster movement speed!",X-Factor,The split from Grom's main attack deals up to 30% extra damage at max distance.,Grom Bomb Goes Boom!,"Grom's Super gains a secondary explosion after the first, in an X-pattern. This explosion also deals damage, breaks walls and knocks enemies back.",,,,,,,
BUZZ,Reserve Buoy,"Instantly fills the Super meter, but the next Torpedo Throw doesn't stun opponents.",X-Ray-Shades,Buzz can see into all bushes in his Super charging area for 12 seconds.,Tougher Torpedo,The minimum duration of Buzz's Super stun is increased by 0.5 seconds.,Eyes Sharp,Buzz's Super charging area is increased by 33%.,Buzzwatch,uzz's torpedo can now be used again if he hits a wall,,,,,,,
GRIFF,Piggy Bank,"Griff drops a firecracker-filled piggy bank that, after a short delay, explodes destroying obstacles and dealing 1400 damage to opponents within range.",Coin Shower,Griff's next Coin Toss shoots 33% more coins.,Keep the Change,"Furious Griff tosses coins faster, reducing the time for a full salvo by 25%",Business Resilience,"Every 2 seconds, Griff regains up to 15% of his missing health.",N/A,N/A,,,,,,,
ASH,Chill Pill,"Though furious, Ash has to collect himself. A full rage meter will recover 3240 health when this Gadget is popped - less Rage, less recovery.",Rotten Banana,Ash loses 10% health and instantly gains 40% rage.,First Bash,"When hitting an opponent with his attack charges full, Ash gets even more angry. His Rage goes up by 200%.",Mad As Heck,"Ash progressively gains up to 40% faster reload speed, equal to how enraged he's become.",Rat King,Little Helper spawns 5 more rats!,,,,,,,
MEG,Jolting Volts,Heal the Mecha by 490 health per second for 5 seconds.,Toolbox,"Meg drops her toolbox, which increases the reload speed for nearby allies by 35% until it gets destroyed.",Force Field,Meg is protected by a 25% shield for 10 seconds when her Mecha is destroyed.,Heavy Metal,"Upon expiring, the Mecha suit explodes dealing 2400 damage to nearby opponents and pushing them away",Tugsten Thougness ,"Meg's Mecha has an increased swipe range when activating its Super. While out of the Mecha, Meg pops a defensive shield for protection.",,,,,,,
LOLA,Freeze Frame,Lola's Ego stops moving to strike a pose! Gaining a 50% shield for 4 seconds.,Stunt Double,Lola and her Ego switch locations and recover 1520 health,Improvise,"When down to her last round, Lola deals an extra 30% damage.",Sealed With a Kiss,Projectiles from Lola's Ego heal allies that are caught in its path by 223 health.,Inflated Ego,Spawns a mega inflated Ego with increased damage and health.,,,,,,,
FANG,Corn-Fu,"Fang tosses a handful of corn kernels into the air, making it rain popcorn! Each kernel pop deals 1088 damage",Roundhouse Kick,"Fang spins and hits all enemies around him, stunning them for 0.5 seconds.",Fresh Kicks,"When Fang defeats an enemy with his Super, it's recharged instantly, allowing him to use his Super again!",Divine Soles,Reduce 688 damage from incoming hits once every 3 seconds. Maximum reduction is 90% of the incoming damage.,Dragon Kick,Fang Super can now go through walls and leaves a trail of popcorn behind!,,,,,,,
EVE,Gotta Go!,Eve jumps away and leaves behind a hatchling.,Motherly Love,Hatchlings spawned from an active big egg will now heal allies over time instead of dealing damage.,Unnatural Order,Reverses the order of the eggs shot by her egg shooter.,Happy Surprise,"Every 5 seconds, the largest egg hitting an enemy from her Egg Shooter will spawn a hatchling.",Generations,Baby Boom now spawns hatchlings over time!,,,,,,,
JANET,Drop The Bass,Janet deploys a speaker that deals 200 damage per second to all enemies in the area until it gets destroyed.,Backstage Pass,"Janet's next High Note pushes her back, even over walls. The more focused her attack is, the further she'll be pushed back.",Stage View,"When in the air with her jetpack, Janet reveals a large area of bushes around herself.",Vocal Warm Up,Janet's attack focuses 30% faster,Magnus Opus,Janet retains full movement control during her Super.,,,,,,,
BONNIE,Sugar Rush,Clyde's movement and reload speed are increased by 30% for 5 seconds,Crash Test,"Bonnie dashes forward, knocking back enemies and dealing 2320 damage on hit.",Black Powder,The range of Bonnie's Star Launcher is increased by 36%,Wisdom Tooth,"Loose Tooth shatters on hit, dealing 25% extra damage to nearby enemies.",N/A,N/A,,,,,,,
OTIS,Dormant Star,"The next starfish will stay on the ground if an enemy is not hit, laying dormant until an enemy gets close",Phat Splatter,"Otis's next attack shoots a giant ink ball that leaves a puddle, dealing 1150 damage over time for 3.8 seconds.",Stencil Glue,Cil mightly squeezes the enemy with all his might. Preventing them from attacking for 33% longer,Ink Refills,Otis now shoots 33% more ink drops.,Silent Stunner,Otis' Super now also stuns for 1.5 seconds on impact.,,,,,,,
SAM,Magnetic Field,"While the Knuckle Busters are on the ground, Sam can activate them to pull in nearby enemies.",Pulse Repellent,"Upon landing on the ground, Sam's next deployed Knuckle Busters releases an electric pulse that knocks back enemies.",Hearty Recovery,"Upon recalling his Knuckle Busters, Sam instantly recovers 20% of his missing health.",Remote Recharge,"While the Knuckle Busters are on the ground and near enemies, they will charge up Sam's Super.",Hyper Fist,Sam's Knuckle Busters travel faster and will fully charge his Super if they hit an enemy Brawler during the Hypercharge.,,,,,,,
GUS,Kooky Popper,"Explode all uncollected spirits, dealing 2160 damage to nearby enemies.",Soul Switcher,Gus loses 5% health but gains 100% spirit instantly,Health Bonanza,Health gained from spirits are increased by 100%,Spirit Animal,Spooky increases the damage of a teammate by 25% for 5 seconds.,Spooky Pop,"On impact, Gus' Super will drop spirits in all directions that deal damage to enemies and heal teammates!",,,,,,,
BUSTER,Utility Belt,Buster heals himself and all nearby allies for 900 health for each ally in his Super charge area.,Slo-Mo Replay,Buster's next Lens Flare pulls enemies towards him.,BlockBuster ,Buster's Lens Flare deals 15% more damage for each ally in his Super charge area.,Kevlar Vest,"While Montage is active Buster takes 10% less damage and is immune to knockbacks, slows and stuns.",Plot Armor,Buster's Shield is now 360 degress around him and reflected projectiles deal more damage,,,,,,,
CHESTER,Spicy Dice,Chester gets a new random Super that is different from his current one.,Candy Beans,"Chester eats a mystery flavored candy bean from his cap, gaining a random buff for 5 seconds",Single Bell 'O' Mania,The first bell of Chester's attack sequence does 150% damage.,Sneak Peek,Chester will always know what his next Super will be.,"Crunchy, Chewy, Gooey","Chester combines 3 of his Super abilities into one. He throws a sweet that explodes and deals damage, spreads a poison cloud, and leaves a lingering slowing area to finish.",,,,,,,
GRAY,Walking Cane,Gray's next hit from Finger Pistol shoots a walking cane which pulls in enemies back by a bit.,Grand Piano,"Gray's next hit from Finger Pistol will also leave a target on the ground where a piano will land and hurt enemies. It would be too bad if someone got hurt, right?",Fake Injury,"When Gray has full health, the next damage taken is reduced by 50%",New Perspective,"When Gray or his Allies use Doors, they recover 1320 hit points.",Another Dimesion,Gray opens a new pair of portals that shields him and allies for 1000 when they pass through.,,,,,,,
MANDY,Caramelize,Mandy's next candy from her Candy Dispenser slows down enemies on hit for 2.5 seconds.,Cookie Crumbs,Mandy's next candy from her Candy Dispenser pierces enemies and the environment.,In My Sights,Mandy shoots her candies with 15% more speed while Focused.,Hard Candy,Mandy receives 40% shield while Focused.,Sugar for All!!,Mandy fires her Super in three different directions.,,,,,,,
R-T,Out of Line,Instantly charges R-T's Super.,Hacks!,"Instantly trigger all active marks on all enemy brawlers, dealing their damage.",Quick Maths,Marks created last 3 seconds longer.,Recording,R-T and his legs take 20% less damage when split.,N/A,N/A,,,,,,,
WILLOW,Spellbound,Willow's next Lantern's Curse deals 600 more damage and applies the entire damage instantly rather than over time.,Dive,"Willow dives for 2 seconds, becoming untargetable but unable to take any action for the duration.",Love Is Blind,Lantern's Curse also reduces reload speed of affected Brawlers by 30% for 3 seconds.,Obsession,Hexed enemies gain 33% movement speed while mind controlled.,N/A,N/A,,,,,,,
MAISIE,Disengage!,"Maisie blasts the ground, stunning enemies for 0.5 seconds while dashing forward.",Finish Them!,Maisie instantly reloads 1 ammo and increases the next Pressure Rocket damage by 30% of the target's missing HP.,Pinpoint Precision,Pressure rocket deals 20% more damage at max distance.,Tremors,Enemies hit by Shockwave are also slowed down for 2 seconds.,AfterMath,Maisie's Super also shoots her basic attack projectiles around her to all directions,,,,,,,
HANK,Water Balloons,The next Balloon Blast also slows down enemies for 3 seconds.,Barricade,Hank takes 40% reduced damage for 3 seconds,It's Gonna Blow,"When Balloon Blast is charged over 80%, Hank gains 10% extra movement speed",Take Cover!,Hank takes 20% less damage when near a wall.,Homing Fish-illes,The Fish Torpedoes that Hank fires with his Super have been upgraded to home in on targets!,,,,,,,
CORDELIUS,Replanting,Cordelius jumps over a piece of terrain quickly.,Poison Mushroom,Cordelius' next main attack shoots a poison mushroom that prevents the enemy from attacking for 1.0 seconds.,Comboshrooms,"Hitting the second mushroom to the same target as the first, deals 30% extra damage.",Mushroom Kingdom,"Cordelius spawns 3 mushrooms to the Shadow Realm after using his Super, healing allies and damaging enemies for 1440 health on pickup.",Complete Darkness,Cordelius slows down his targets when sending them to the Shadow Realm.,,,,,,,
DOUG,Double Sausage,The next Snack Attack only heals allies but doubles the amount.,Extra Mustard,The next Snack Attack only damages enemies but doubles the amount.,Fast Food,Resurrected targets gain increased movement speed for 3 seconds after being resurrected.,Self Service,Snack Attack also heals Doug by 480.,N/A,N/A,,,,,,,
PEARL,Overcooked,"Next basic attack shoots burning cookies, dealing 1040 extra damage over time.",Made With Love,"Next basic attack shoots burning cookies, dealing 1040 extra damage over time.",Heat Retention,Super will consume 50% less Heat when used.,Heat Shield,"While the Heat is over 80%, reduce damage taken by 20%.",Pyrolictic,Let Out Some Steam leaves a burning area behind for 4.5 seconds.,,,,,,,
CHUCK,Rerouting,Chuck removes the nearest Post and recharges his Super.,Ghost Train,Chuck's next Super can go through walls!,Pit Stop,Increases the maximum amount of Posts by 1.,Tickets Please!,Dashing through enemies with his Super will also steal 33% of their ammo.,N/A,N/A,,,,,,,
CHARLIE,Spiders,Charlie releases 3 spiders that seek and attack the nearest enemies.,Personal Space,"Charlie cocoons herself, healing 50% of her total health.",Digestive,Cocooned enemies lose 25% of their health while cocooned.,Slimy,Cocoon leaves a slimy trail behind it for 5 seconds that slows down enemies walking over it.,Pestilence,Cocoon spawns 3 spiders that seek and attack the nearest enemies.,,,,,,,
MICO,Clipping Scream,Mico lets out a deafening scream towards the nearest enemy dealing 545 damage and slowing enemies down for 2 seconds on hit,Presto,Mico's next jump has 34% longer range.,Monkey Business,Berry gains 50% increased reload speed when standing on his own melted ice cream.,Record Smash,Berry's basic attack gains 20% extra damage on impact in areas with no ice cream.,Sound Check,Mico's Super also stuns nearby enemies after landing for 1.5 seconds.,,,,,,,
KIT,Cardboard Box,Hide in a cardboard box becoming invisible for 3 seconds. Charges the Super 100% faster while stationary,Cheeseburger,Heals himself and the friendly Brawler he is attached to for 30%,Power Hungry,"Every 5 seconds, Mico's basic attack steals ammo from his enemies after hitting them.",Overly Attached,Mico deals 100% extra damage against non-Brawlers.,N/A,N/A,,,,,,,
LARRY & LAWRIE,Order: Swap,"While Lawrie is in range, transfer 30% incoming damage to himself instead.",Order: Fall Back,Swap weapons with Lawrie.,Protocol: Protect,"While Lawrie is in range, transfer 30% incoming damage to himself instead.",Protocol: Assist,"While Lawrie is in range, reload 30% of your ammo whenever he damages an enemy.",N/A,N/A,,,,,,,
MELODIE,Perfect Pitch,Melodie's notes get 25% increased movement speed and 60% wider orbit for 5 seconds.,Interlude,Melodie gains 10% Shield from each note orbiting her.,Fast Beats,Melodie gains 6% increased movement speed from each note orbiting her,Extended Mix,Melodie's notes last for 25% longer before vanishing.,Flash Mob,Melodie adds up to 3 Hypercharge notes using Catchy Chorus. Hypercharge notes do 600 damage.,,,,,,,
ANGELO,Stinging Flight,Fly into air for 1.0 seconds. Drains 660 health from nearby enemies on takeoff.,Master Fletcher,The next Take Aim pierces enemies and the environment.,Empower,Staying inside the Super will heal Angelo for 600 per second.,Flow,Angelo gains 25% increased movement speed after entering water.,In My Element,"During Hypercharge, the Super will follow Angelo!",,,,,,,
DRACO,Upper Cut,The next Lance Stab also throws enemies in the air for a short time.,Last Stand,Draco can not fall under one health for 2 seconds.,Expose,"Every 5 seconds, the next Lance Stab exposes enemies on hit. Exposed enemies take 35% increased damage for 5 seconds.",Shredding,Dragon Solo now also heals for 2750 when activated.,N/A,N/A,,,,,,,
LILY,Vanish,Lily enters the Shadow Realm for 3 seconds,Repot,"The next flourish, becomes a thrown attack, and Lily teleports to the destination on impact",Spiky,"After teleporting to an enemy, Lily's next attack deals 1060 more damage",Vigilance,Gain 15% movement speed while an enemy is in her Super charge radius,Germinate,"Lily's Flourish now bounces off walls, and transports the enemy and Lily to the Shadow Realm for 5 seconds.",,,,,,,
BERRY,Friendship is Great,"Berry swipes his tail, knocking back enemies and healing nearby allies for 1000 health",Healthy Additives,Berry's next main attack area lasts for 100% longer.,Floor is Fine,Berry gains 50% increased reload speed when standing on his own melted ice cream.,Making a Mess,Berry's basic attack gains 20% extra damage on impact in areas with no ice cream.,Double Scoops,"Mico's Super also stuns nearby enemies after landing for 1.5 seconds.""",,,,,,,
CLANCY,Snappy Shooting,Clancy gains double tokens for 5 seconds.,Tactical Retreat,Clancy dashes and reloads 1 ammo,Recon,Clancy starts the match with 3 tokens.,Pumping Up,Clancy reloads all of his ammo on every enemy takedown.,Recall of Duty,"Clancy's Super paintballs pierce enemies then quickly return to him, dealing damage again",,,,,,,
MOE,Dodgy Digging,"Moe digs up some 'borrowed' goods, increasing his Super charge rate by 50% for 5 seconds.",Rat Race,"Moe digs up some 'borrowed' goods, increasing his Super charge rate by 50% for 5 seconds.",Skipping Stones,Moe's basic attacks bounce one more time. The range of the attack remains the same.,Speeding Ticket,Moe's Driller has increased travel speed,N/A,N/A,,,,,,,
KENJI,Dashi Dash,Kenji's basic attack only uses Dash for the next 3 seconds.,Hosomaki Healing,Kenji instantly heals 50% of the damage taken over the last 3 seconds.,Studied the Blade,Slashimi's slices have 30% longer range.,Nigiri Nemesis,"""After avoiding damage for 5 seconds, gets 60% damage reduction from the next enemy attack",All You Can Eat,"Pulls enemies to the middle of his Super, and re-appears in the center of the X instead of at the starting location.",,,,,,,
SHADE,Longarms,The next main attack has 50% longer range.,Jump Scare,"Shade spooks nearby enemies, slowing them for 4 seconds.",Spooky Speedster,Hitting opponents with the center of Shade's main attack gives a short movement speed,Hardened Hoodie,Shade gets 30% damage reduction while in its Incorporeal Form.,N/A,N/A,,,,,,,
JUJU,Voodoo Chile,Juju's next attack has the power of all three elements,Elementalist,Juju gains a temporary buff based on the current environment she is standing on! Ground: Damage reduction Grass: Invisibility Water: Increased movement speed,Guarded Gris-Gris,Gris-Gris is summoned with a protective shield.,Numbing Needles,Gris-Gris' attack now also slows the enemy for 1.0 sec,N/A,N/A,,,,,,,
MEEPLE,Mansions of Meeple,Meeple's next attack creates dice towers around the impact area and deal 1000 damage,Ragequit,"Meeple lashes out in rage at nearby enemies, stunning them and knocking them back. Ragequit stuns for a longer period of time the fewer hitpoints Meeple has.",Do Not Pass Go,When you shoot through the environment deal 600 more damage,Rule Bending,Critical Success also increases allies' reload speed within the area by 20%,N/A,N/A,,,,,,,
OLLIE,Regulate,"Ollie jumps and does a rad kickflip, hypnotizing all enemies where he lands for 1.0 seconds",All Eyez on Me,Ollie's next attack will hypnotize enemies hit for 1 second,"Kick, Push",While near walls Ollie kicks off his hoverboard and gains 20% extra movement speed,Renegade,"After dashing forward with his Super, Ollie gains a 4000 decaying shield over 4 seconds",N/A,N/A,,,,,,,
LUMI,Hit the Lights,"Lumi iginites her morning stars on the ground, producing flames which damage nearby enemies",Grim and Frostbitten,"Lumi creates freezing winds around her morning stars on the ground, creating a slippery surface",42% Burnt,The explosions from Lumi's Blast Beat also set the area on fire for 4 secs. Damage scales with explosion damage,Half-time,Lumi slows enemies hit by her recalled morning stars for 2 seconds.,N/A,N/A,,,,,,,
FINX,No Escape,"Finx's next center projectile from his main attack freezes the enemy in time for 2 seconds, making them unable to take actions for the duration, but also making them immune to any damage",No Escape,"Finx's next center projectile from his main attack freezes the enemy in time for 2 seconds, making them unable to take actions for the duration, but also making them immune to any damage.",Hieroglyph Halt,Finx reduces the reload speed of any enemy Brawlers hit by his main attack by 30% for 3 seconds.,Primer,"Damage dealt only from Finx's projectiles that are sped up by Time Warp, will increase the Super duration by 0.25 seconds each.",N/A,N/A,,,,,,,
JAE YONG,Weekend Warrior,Deals area damage and increases main attack damage for 5 sec.,Time For a Slow Song,Jae-yong slows enemies around him and his attacks will leave trails of slowing paperwork for 5 sec.,The Crowd Goes Mild,Being near teammates gives Jae-yong a 10% speed boost per teammate in range,Extra High Note,Main Attacks now deal an additional 20% Damage per target pierced,N/A,N/A,,,,,,,
